TY_CHANNEL,TY_BRAND,TY_CLASS,TY_CATEGORY,TY_SALES,TY_NUMBER_SALES,LY_CHANNEL,LY_BRAND,LY_CLASS,LY_CATEGORY,LY_SALES,LY_NUMBER_SALES
store,6009003,9,6,366304717.01,98943,store,6009003,9,6,759111606.74,206820
store,6009004,9,6,547746551.47,148779,store,6009004,9,6,441751513.53,120273
store,6009005,9,6,376518108.94,103083,store,6009005,9,6,783251438.38,213077
store,6009006,9,6,577058558.35,156052,store,6009006,9,6,465345436.46,127065
store,6009007,9,6,410968525.08,110086,store,6009007,9,6,862544029.00,232904
store,6009008,9,6,551263509.20,148335,store,6009008,9,6,407712348.22,110306
store,6010001,10,6,400749438.92,108787,store,6010001,10,6,700287162.37,189796
store,6010002,10,6,550721636.05,148481,store,6010002,10,6,479307073.59,130572
store,6010003,10,6,370744644.86,100510,store,6010003,10,6,786663275.15,212175
store,6010004,10,6,656812708.31,175466,store,6010004,10,6,537699362.49,145968
store,6010005,10,6,407520429.02,110735,store,6010005,10,6,773543929.76,210060
store,6010006,10,6,549533056.24,148668,store,6010006,10,6,423873662.55,114688
store,6010007,10,6,438142168.02,120151,store,6010007,10,6,840622750.00,225928
store,6010008,10,6,581644370.42,157811,store,6010008,10,6,477373728.95,128929
store,6011001,11,6,428145140.17,115585,store,6011001,11,6,785648985.74,213299
store,6011002,11,6,460404468.10,124532,store,6011002,11,6,359418257.67,96526
store,6011003,11,6,357041520.45,96992,store,6011003,11,6,740841042.20,200356
store,6011004,11,6,544280551.09,148105,store,6011004,11,6,406242335.68,110147
store,6011005,11,6,363731573.16,98770,store,6011005,11,6,760457474.72,206747
store,6011006,11,6,490064352.13,133755,store,6011006,11,6,401623597.58,109089
store,6011007,11,6,342237651.08,92365,store,6011007,11,6,706713542.17,192445
store,6011008,11,6,526955876.60,142826,store,6011008,11,6,427300574.42,115984
store,6012001,12,6,385585374.51,105539,store,6012001,12,6,759659205.73,207478
store,6012002,12,6,531738096.52,145865,store,6012002,12,6,385803557.08,105121
store,6012003,12,6,399785721.79,108527,store,6012003,12,6,811964969.08,221624
store,6012004,12,6,543927158.88,146820,store,6012004,12,6,442139581.20,120572
store,6012005,12,6,353776227.56,95519,store,6012005,12,6,763752529.15,206892
store,6012006,12,6,390712650.16,106044,store,6012006,12,6,325244768.40,88094
store,6012007,12,6,456715990.41,123308,store,6012007,12,6,871074516.22,236056
store,6012008,12,6,486695436.89,131987,store,6012008,12,6,381562296.16,103899
store,6013001,13,6,429323360.62,115742,store,6013001,13,6,839055556.52,226888
store,6013002,13,6,525088636.01,141503,store,6013002,13,6,413226990.99,111913
store,6013003,13,6,399019151.73,108451,store,6013003,13,6,808814802.56,219879
store,6013004,13,6,451605089.19,120560,store,6013004,13,6,327324223.55,88544
store,6013005,13,6,422461510.06,114539,store,6013005,13,6,817669065.86,223093
store,6013006,13,6,446987343.51,122197,store,6013006,13,6,363418613.19,99475
store,6013007,13,6,429632475.77,116908,store,6013007,13,6,817829703.62,221047
store,6013008,13,6,461891843.07,125080,store,6013008,13,6,369264443.34,100725
store,6014001,14,6,438715553.28,120831,store,6014001,14,6,817069429.90,220438
store,6014002,14,6,482453049.97,129870,store,6014002,14,6,361959290.50,98300
store,6014003,14,6,361756670.59,97773,store,6014003,14,6,731677040.93,197118
store,6014004,14,6,470930441.65,127138,store,6014004,14,6,391181129.96,106866
store,6014005,14,6,375568058.16,101648,store,6014005,14,6,787357933.80,212839
store,6014006,14,6,480853453.76,129907,store,6014006,14,6,385332760.18,103499
store,6014007,14,6,444579220.18,120596,store,6014007,14,6,885901342.04,238273
store,6014008,14,6,418525424.33,113431,store,6014008,14,6,338569675.74,91853
store,6015001,15,6,312407701.18,84695,store,6015001,15,6,701961013.63,189972
store,6015002,15,6,499000506.16,136899,store,6015002,15,6,386998693.59,104761
store,6015003,15,6,392188823.64,105783,store,6015003,15,6,747718828.94,204079
store,6015004,15,6,476333672.31,128805,store,6015004,15,6,376537387.59,101060
store,6015005,15,6,380985272.24,102214,store,6015005,15,6,770558490.43,208595
store,6015006,15,6,518232954.88,140862,store,6015006,15,6,428865985.58,115205
store,6015007,15,6,393796255.82,107099,store,6015007,15,6,766606396.91,206978
store,6015008,15,6,492260465.34,133768,store,6015008,15,6,405251301.39,109215
store,6016001,16,6,397286089.40,107058,store,6016001,16,6,755482397.27,204609
store,6016002,16,6,519036800.90,140585,store,6016002,16,6,387825777.95,104869
store,6016003,16,6,443428522.58,120884,store,6016003,16,6,920402049.17,249398
store,6016004,16,6,522044749.66,141135,store,6016004,16,6,430843399.84,116523
store,6016005,16,6,391958872.82,105804,store,6016005,16,6,746273923.98,202164
store,6016006,16,6,575345523.28,156009,store,6016006,16,6,452121344.27,121637
store,6016007,16,6,321296593.21,86754,store,6016007,16,6,684072838.76,184812
store,6016008,16,6,414681151.31,112906,store,6016008,16,6,358853484.18,97766
store,7001001,1,7,362708010.33,96735,store,7001001,1,7,665732443.48,179278
store,7001002,1,7,423026109.63,114087,store,7001002,1,7,309192003.23,83423
store,7001003,1,7,346598636.13,94211,store,7001003,1,7,677882469.35,184165
store,7001004,1,7,498190436.23,135348,store,7001004,1,7,352675534.23,96967
store,7001005,1,7,282121255.59,75167,store,7001005,1,7,671004837.39,182728
store,7001006,1,7,344915643.37,91901,store,7001006,1,7,265073510.81,71229
store,7001007,1,7,333448786.59,90951,store,7001007,1,7,603942755.51,162939
store,7001008,1,7,421624599.51,113867,store,7001008,1,7,311938843.13,84755
store,7001009,1,7,322648389.17,86709,store,7001009,1,7,649322491.77,175785
store,7001010,1,7,427199148.16,115573,store,7001010,1,7,324374049.59,88589
store,7002001,2,7,294794006.98,79349,store,7002001,2,7,561894264.02,153067
store,7002002,2,7,417433188.23,113533,store,7002002,2,7,330335905.44,90565
store,7002003,2,7,335453763.18,91105,store,7002003,2,7,690036565.17,187572
store,7002004,2,7,397261997.79,107152,store,7002004,2,7,296560528.62,80678
store,7002005,2,7,316249908.72,84835,store,7002005,2,7,663926550.19,179339
store,7002006,2,7,476105125.48,129011,store,7002006,2,7,387949781.38,104630
store,7002007,2,7,361728798.92,99141,store,7002007,2,7,627162513.62,170484
store,7002008,2,7,451854883.08,122536,store,7002008,2,7,371628085.90,101144
store,7002009,2,7,268666599.48,72623,store,7002009,2,7,566059811.03,154048
store,7002010,2,7,446277623.97,122054,store,7002010,2,7,362673393.69,98241
store,7003001,3,7,288740477.50,78593,store,7003001,3,7,605173240.10,163899
store,7003002,3,7,421391537.36,113554,store,7003002,3,7,309979530.39,82742
store,7003003,3,7,298831109.66,80687,store,7003003,3,7,637401230.57,172401
store,7003004,3,7,375052004.69,101904,store,7003004,3,7,301689950.39,81622
store,7003005,3,7,360085680.61,96870,store,7003005,3,7,668119883.63,182143
store,7003006,3,7,429695235.48,116569,store,7003006,3,7,341653675.14,92598
store,7003007,3,7,320961906.38,87349,store,7003007,3,7,643266692.81,175366
store,7003008,3,7,497174899.57,134619,store,7003008,3,7,386048537.33,104105
store,7003009,3,7,329999102.66,88254,store,7003009,3,7,628886791.98,171324
store,7003010,3,7,409817123.51,110834,store,7003010,3,7,319800806.49,86554
store,7004001,4,7,327529186.47,88553,store,7004001,4,7,694511620.53,188470
store,7004002,4,7,421510573.79,113540,store,7004002,4,7,301288790.31,81074
store,7004003,4,7,361258216.02,98848,store,7004003,4,7,626571907.97,168320
store,7004004,4,7,485007162.55,130669,store,7004004,4,7,355881166.59,96823
store,7004005,4,7,305720546.29,81366,store,7004005,4,7,639381764.14,171127
store,7004006,4,7,485223790.80,130210,store,7004006,4,7,355612726.85,95898
store,7004007,4,7,315345613.09,85204,store,7004007,4,7,646871999.05,176368
store,7004008,4,7,387917771.07,104335,store,7004008,4,7,278940651.44,76024
store,7004009,4,7,334229227.61,89928,store,7004009,4,7,741524931.03,200510
store,7004010,4,7,431888874.03,116275,store,7004010,4,7,335493019.39,90690
store,7005001,5,7,334718195.96,90701,store,7005001,5,7,644986989.51,173701
store,7005002,5,7,459094527.98,125355,store,7005002,5,7,340969985.45,92967
store,7005003,5,7,371585141.99,100341,store,7005003,5,7,699591901.70,190603
store,7005004,5,7,405989570.50,110369,store,7005004,5,7,315519369.14,85676
store,7005005,5,7,397712794.64,107660,store,7005005,5,7,717811802.29,194778
store,9008009,8,9,843069385.19,226755,store,9008009,8,9,822096848.53,224346
store,9008011,8,9,19014194.04,5008,store,9008011,8,9,726883002.64,195194
store,9009002,9,9,868649995.05,235145,store,9009002,9,9,858869176.63,232716
store,9009003,9,9,767473869.40,208283,store,9009003,9,9,765462672.16,208913
store,9009005,9,9,7400830.90,2077,store,9009005,9,9,765103358.27,208852
store,9009008,9,9,748455238.18,204242,store,9009008,9,9,751789772.57,203245
store,9009009,9,9,793052264.33,213641,store,9009009,9,9,788852748.60,216173
store,9009011,9,9,38486760.03,10407,store,9009011,9,9,794686753.61,215732
store,9010002,10,9,772417597.15,208764,store,9010002,10,9,773804307.97,210288
store,9010003,10,9,760330999.10,206674,store,9010003,10,9,765209011.24,207398
store,9010005,10,9,32923024.22,9374,store,9010005,10,9,806056822.87,217415
store,9010008,10,9,845693422.10,228166,store,9010008,10,9,852501053.74,230284
store,9010009,10,9,802067562.95,218118,store,9010009,10,9,808695290.67,217982
store,9010011,10,9,35224618.29,9234,store,9010011,10,9,753335518.91,204812
store,9011002,11,9,790714202.90,214793,store,9011002,11,9,793710173.54,215812
store,9011003,11,9,846745740.19,231573,store,9011003,11,9,857323556.30,231019
store,9011005,11,9,15976267.67,4323,store,9011005,11,9,779001860.23,210759
store,9011008,11,9,776530500.71,209298,store,9011008,11,9,778834050.74,209678
store,9011009,11,9,764137289.75,206210,store,9011009,11,9,755614828.81,204853
store,9011011,11,9,16815583.11,4193,store,9011011,11,9,695867170.22,188839
store,9012002,12,9,826039861.09,226727,store,9012002,12,9,850309833.07,229561
store,9012003,12,9,825295661.67,223561,store,9012003,12,9,820461007.62,222534
store,9012005,12,9,18198131.19,5166,store,9012005,12,9,802097000.50,217023
store,9012008,12,9,917711624.56,248343,store,9012008,12,9,924457693.67,249619
store,9012009,12,9,704815713.55,190418,store,9012009,12,9,703066046.46,189836
store,9012011,12,9,41317252.23,10993,store,9012011,12,9,794988342.56,214287
store,9013002,13,9,787978703.40,213707,store,9013002,13,9,799589636.31,215271
store,9013003,13,9,843486849.09,227940,store,9013003,13,9,839911834.98,227619
store,9013005,13,9,22396138.16,6057,store,9013005,13,9,809916512.39,218684
store,9013008,13,9,777475953.65,212073,store,9013008,13,9,783106689.51,212717
store,9013009,13,9,878767170.59,238983,store,9013009,13,9,885919197.97,240610
store,9013011,13,9,14423591.57,4009,store,9013011,13,9,795121181.71,216327
store,9014002,14,9,764341883.39,208711,store,9014002,14,9,777379081.72,209672
store,9014003,14,9,831295044.90,225216,store,9014003,14,9,831828398.28,225975
store,9014005,14,9,15302776.60,4102,store,9014005,14,9,836421315.02,226662
store,9014008,14,9,819081271.84,221884,store,9014008,14,9,829201304.85,225393
store,9014009,14,9,668125290.83,181439,store,9014009,14,9,668797214.85,181124
store,9014011,14,9,18278719.52,5029,store,9014011,14,9,791631428.71,213831
store,9015002,15,9,864659437.64,233449,store,9015002,15,9,848759614.81,231643
store,9015003,15,9,696229893.12,191187,store,9015003,15,9,711834469.94,191453
store,9015005,15,9,23067387.17,6403,store,9015005,15,9,837860600.27,225865
store,9015008,15,9,900300105.35,242577,store,9015008,15,9,907318879.16,245700
store,9015009,15,9,744857634.46,201452,store,9015009,15,9,731324766.34,198944
store,9015011,15,9,27095368.87,7530,store,9015011,15,9,794010126.20,216785
store,9016002,16,9,753757046.99,204160,store,9016002,16,9,759719301.32,206040
store,9016003,16,9,807287230.48,219468,store,9016003,16,9,808574981.91,219561
store,9016005,16,9,7158638.80,1886,store,9016005,16,9,761942830.52,206132
store,9016008,16,9,852811992.23,230633,store,9016008,16,9,858165240.71,232012
store,9016009,16,9,748458789.00,200206,store,9016009,16,9,742553891.52,199992
store,10001001,1,10,197625089.98,53369,store,10001001,1,10,236562304.39,64173
store,10001002,1,10,253995308.97,69408,store,10001002,1,10,335480012.73,90706
store,10001003,1,10,232640509.39,63027,store,10001003,1,10,309828297.13,83864
store,10001004,1,10,220521823.67,59700,store,10001004,1,10,316405536.10,87243
store,10001005,1,10,210125158.00,56962,store,10001005,1,10,296953449.96,80167
store,10001006,1,10,201678384.96,54646,store,10001006,1,10,222116331.23,60115
store,10001007,1,10,238516717.76,64410,store,10001007,1,10,296305222.88,79966
store,10001008,1,10,219416730.49,59582,store,10001008,1,10,269036618.63,73975
store,10001009,1,10,243898289.19,66509,store,10001009,1,10,303972487.95,82712
store,10001010,1,10,205149767.22,56085,store,10001010,1,10,266358727.42,71705
store,10001011,1,10,160549539.42,44197,store,10001011,1,10,277687692.21,76185
store,10001012,1,10,189216174.82,51255,store,10001012,1,10,261218835.57,71766
store,10001013,1,10,256139261.85,69323,store,10001013,1,10,302959969.31,82851
store,10001014,1,10,238257162.24,64819,store,10001014,1,10,287941781.85,79188
store,10001015,1,10,214147493.87,58909,store,10001015,1,10,282363350.35,75904
store,10001016,1,10,216727519.08,59021,store,10001016,1,10,268219616.82,72569
store,10001017,1,10,194164459.79,52576,store,10001017,1,10,267877158.42,72630
store,10002001,2,10,187846669.57,52125,store,10002001,2,10,262713376.18,71024
store,10002002,2,10,211960932.99,57056,store,10002002,2,10,266817947.70,72672
store,10002003,2,10,230355658.09,62621,store,10002003,2,10,302214740.43,80967
store,10002004,2,10,180151209.21,48560,store,10002004,2,10,263612122.96,71148
store,10002005,2,10,204881694.87,55108,store,10002005,2,10,235196921.23,63114
store,10002006,2,10,192432130.18,53369,store,10002006,2,10,259627733.99,69125
store,10002007,2,10,189377538.60,51162,store,10002007,2,10,288285761.16,78481
store,10002008,2,10,252156384.46,68233,store,10002008,2,10,275481036.12,74685
store,10002009,2,10,207694772.99,56362,store,10002009,2,10,267380194.02,72374
store,10002010,2,10,210056443.23,57405,store,10002010,2,10,307563734.60,83393
store,10002011,2,10,184119213.25,49591,store,10002011,2,10,255179890.06,69042
store,10002012,2,10,284543856.09,77406,store,10002012,2,10,294823506.27,80234
store,10002013,2,10,184910588.36,49958,store,10002013,2,10,236159189.81,63978
store,10002014,2,10,172352781.01,46936,store,10002014,2,10,262656381.65,71232
store,10002015,2,10,253596151.47,68474,store,10002015,2,10,322655284.70,87700
store,10002016,2,10,235784278.49,63779,store,10002016,2,10,289753943.55,79185
store,10002017,2,10,181548559.78,49239,store,10002017,2,10,243451753.11,65750
store,10003001,3,10,225510751.99,60737,store,10003001,3,10,279337344.08,75508
store,10003002,3,10,256000054.95,69437,store,10003002,3,10,308895401.82,83881
store,10003003,3,10,221866208.34,60250,store,10003003,3,10,268140970.35,72304
store,10003004,3,10,252593940.03,69085,store,10003004,3,10,322319213.34,87305
store,10003005,3,10,201835357.80,54782,store,10003005,3,10,252464631.21,68622
store,10003006,3,10,206883400.75,56025,store,10003006,3,10,285919888.08,78645
store,10003007,3,10,253949969.71,68629,store,10003007,3,10,300289586.36,81279
store,10003008,3,10,267629478.17,72164,store,10003008,3,10,288503287.33,78005
store,10003009,3,10,189279825.51,51714,store,10003009,3,10,283860433.31,76487
store,10003010,3,10,184592357.72,50127,store,10003010,3,10,278071620.78,75016
store,10003011,3,10,167552063.42,45268,store,10003011,3,10,260933694.12,69759
store,10003012,3,10,222452830.37,60647,store,10003012,3,10,276399937.28,75335
store,10003013,3,10,218068139.39,58893,store,10003013,3,10,295119586.90,81090
store,10003014,3,10,215017035.43,58400,store,10003014,3,10,306928244.06,83010
store,10003015,3,10,240817963.65,65454,store,10003015,3,10,316562272.53,84937
store,10003016,3,10,247576074.83,67866,store,10003016,3,10,320897904.12,86744
store,10003017,3,10,216182204.90,58834,store,10003017,3,10,299712992.39,81826
store,10004001,4,10,201077201.58,53786,store,10004001,4,10,267719756.66,73574
store,10004002,4,10,230752443.66,62561,store,10004002,4,10,314398010.97,85907
store,10004003,4,10,177585619.65,47458,store,10004003,4,10,241645224.98,64714
store,10004004,4,10,199174051.33,53230,store,10004004,4,10,272466287.23,74203
store,10004005,4,10,175677707.46,47533,store,10004005,4,10,265372151.16,71572
store,10004006,4,10,195616846.87,53703,store,10004006,4,10,256074036.15,68668
store,10004007,4,10,181089222.64,48875,store,10004007,4,10,258037883.69,70076
store,1001001,1,1,6659023376.33,1807402,store,1001001,1,1,12857976245.90,3486453
store,1001002,1,1,8262724557.40,2241779,store,1001002,1,1,6579005003.80,1785003
store,1002001,2,1,6538640874.31,1769985,store,1002001,2,1,12693459429.91,3438285
store,1002002,2,1,8318651134.53,2254861,store,1002002,2,1,6450616639.28,1751728
store,1003001,3,1,6685182034.22,1812662,store,1003001,3,1,12917947497.93,3497561
store,1003002,3,1,8297960006.97,2248942,store,1003002,3,1,6315358305.39,1716448
store,1004001,4,1,6580172558.57,1784019,store,1004001,4,1,12757875069.31,3462544
store,1004002,4,1,8048771978.56,2180108,store,1004002,4,1,6325196809.14,1712540
store,2001001,1,2,6801370020.60,1838573,store,2001001,1,2,12884149256.33,3492626
store,2001002,1,2,8250477570.07,2237599,store,2001002,1,2,6369344631.99,1723955
store,2002001,2,2,6636421006.89,1798586,store,2002001,2,2,12721778440.26,3447538
store,2002002,2,2,8001960984.91,2163722,store,2002002,2,2,6191463654.86,1675600
store,2003001,3,2,6564634872.30,1781791,store,2003001,3,2,12795334660.50,3469343
store,2003002,3,2,7770759016.79,2100696,store,2003002,3,2,6045236006.88,1635312
store,2004001,4,2,6583637674.32,1779216,store,2004001,4,2,12934847604.56,3514969
store,2004002,4,2,8245394152.48,2237745,store,2004002,4,2,6190419806.68,1679352
store,3001001,1,3,6812127322.52,1842043,store,3001001,1,3,13240293857.56,3590396
store,3001002,1,3,8255500753.01,2242800,store,3001002,1,3,6358604185.59,1723918
store,3002001,2,3,6711818386.26,1822566,store,3002001,2,3,13073614323.88,3543668
store,3002002,2,3,8535371931.06,2315990,store,3002002,2,3,6638474030.73,1795024
store,3003001,3,3,6591764001.35,1791423,store,3003001,3,3,12770308345.95,3461351
store,3003002,3,3,8450178011.54,2295820,store,3003002,3,3,6712511025.26,1814736
store,3004001,4,3,6547884147.67,1777316,store,3004001,4,3,12778820553.42,3470014
store,3004002,4,3,7976215123.28,2164338,store,3004002,4,3,6157863948.40,1668544
store,4001001,1,4,6825234909.03,1846297,store,4001001,1,4,13107983934.77,3553297
store,4001002,1,4,8524223358.85,2311049,store,4001002,1,4,6588086628.51,1788446
store,4002001,2,4,6553349944.78,1773953,store,4002001,2,4,12783809021.93,3463929
store,4002002,2,4,8103983117.09,2195592,store,4002002,2,4,6320875991.17,1714545
store,4003001,3,4,6542594920.73,1767300,store,4003001,3,4,13005429276.90,3530091
store,4003002,3,4,8439524618.83,2284605,store,4003002,3,4,6613340645.72,1786804
store,4004001,4,4,6629216318.49,1794204,store,4004001,4,4,12713104600.08,3446550
store,4004002,4,4,8204962396.08,2222483,store,4004002,4,4,6309882430.24,1708504
store,5001001,1,5,6528847032.05,1773339,store,5001001,1,5,13035722139.72,3528045
store,5001002,1,5,8255594227.52,2234446,store,5001002,1,5,6459010713.06,1750929
store,5002001,2,5,6710636626.95,1821390,store,5002001,2,5,13026109043.37,3531453
store,5002002,2,5,8209455068.33,2220071,store,5002002,2,5,6276778581.54,1697769
store,5003001,3,5,6251224792.57,1690583,store,5003001,3,5,12644049989.87,3424752
store,5003002,3,5,8483764514.67,2299069,store,5003002,3,5,6473733204.91,1753138
store,5004001,4,5,6865819404.01,1860326,store,5004001,4,5,13263251398.27,3597879
store,5004002,4,5,8524396348.14,2308959,store,5004002,4,5,6776611878.25,1829751
store,6001001,1,6,388933982.61,106124,store,6001001,1,6,779915936.98,212032
store,6001002,1,6,542138612.93,146283,store,6001002,1,6,445424105.90,120782
store,6001003,1,6,374225703.28,102499,store,6001003,1,6,770271003.20,209931
store,6001004,1,6,518525032.85,140213,store,6001004,1,6,396408772.16,107099
store,6001005,1,6,467902956.85,127063,store,6001005,1,6,810648181.82,219921
store,6001006,1,6,480679066.84,129877,store,6001006,1,6,406477967.85,110337
store,6001007,1,6,391168511.53,106432,store,6001007,1,6,776772387.23,211110
store,6001008,1,6,500168068.99,135320,store,6001008,1,6,393496655.77,106333
store,6002001,2,6,421735690.98,114966,store,6002001,2,6,818102816.60,221733
store,6002002,2,6,425809199.89,116117,store,6002002,2,6,362265655.41,97516
store,6002003,2,6,420225646.34,113483,store,6002003,2,6,822493238.18,222306
store,6002004,2,6,544012637.87,146534,store,6002004,2,6,404155627.86,109951
store,6002005,2,6,403439891.12,109783,store,6002005,2,6,790048539.55,212768
store,6002006,2,6,510359600.11,137464,store,6002006,2,6,356251748.44,95726
store,6002007,2,6,375818157.46,100844,store,6002007,2,6,770052309.93,208566
store,6002008,2,6,530792191.66,143644,store,6002008,2,6,410256860.14,111523
store,6003001,3,6,443979009.75,120189,store,6003001,3,6,775233028.16,210440
store,6003002,3,6,492192940.15,133213,store,6003002,3,6,356665762.84,96434
store,6003003,3,6,447520536.95,120879,store,6003003,3,6,837962919.05,227223
store,6003004,3,6,518771251.57,140832,store,6003004,3,6,414462132.78,112257
store,6003005,3,6,442839238.61,119621,store,6003005,3,6,845041413.42,228732
store,6003006,3,6,450736518.73,120709,store,6003006,3,6,358969077.68,97368
store,6003007,3,6,418230706.60,113865,store,6003007,3,6,802429335.83,217844
store,6003008,3,6,520951561.45,141606,store,6003008,3,6,405409889.89,110316
store,6004001,4,6,336215388.06,90658,store,6004001,4,6,708683136.51,191867
store,6004002,4,6,532113695.76,143604,store,6004002,4,6,420702693.22,113527
store,6004003,4,6,450863147.72,122381,store,6004003,4,6,858298027.30,232604
store,6004004,4,6,529096426.14,143520,store,6004004,4,6,363186930.31,98946
store,6004005,4,6,425728582.39,114851,store,6004005,4,6,819729816.75,223837
store,6004006,4,6,538511060.67,145425,store,6004006,4,6,392706166.22,106240
store,6004007,4,6,369681814.11,99265,store,6004007,4,6,761755320.87,204802
store,6004008,4,6,516179100.47,140486,store,6004008,4,6,389841178.94,104882
store,6005001,5,6,436363831.42,118312,store,6005001,5,6,802958816.95,217417
store,6005002,5,6,600088144.89,162684,store,6005002,5,6,478415638.39,129060
store,6005003,5,6,370124751.17,99991,store,6005003,5,6,789849393.43,214035
store,6005004,5,6,408470801.42,111013,store,6005004,5,6,324777068.04,87551
store,6005005,5,6,337902401.20,90488,store,6005005,5,6,700418713.28,188701
store,6005006,5,6,478715721.95,129178,store,6005006,5,6,392366301.42,105466
store,6005007,5,6,449115707.63,121963,store,6005007,5,6,882012993.62,237885
store,6005008,5,6,457780653.87,123677,store,6005008,5,6,364667173.82,98880
store,6006001,6,6,438301511.71,117650,store,6006001,6,6,828260552.59,226348
store,6006002,6,6,599323680.75,162057,store,6006002,6,6,446031201.75,121398
store,6006003,6,6,436006399.93,117685,store,6006003,6,6,829978394.24,225797
store,6006004,6,6,539077415.23,144383,store,6006004,6,6,442683500.85,120345
store,6006005,6,6,383974940.67,103577,store,6006005,6,6,770744942.90,209235
store,6006006,6,6,496741036.99,135063,store,6006006,6,6,360349321.19,98036
store,6006007,6,6,365663625.76,99172,store,6006007,6,6,752560317.14,204275
store,6006008,6,6,486199467.62,131400,store,6006008,6,6,396729646.59,105927
store,6007001,7,6,376452769.95,102457,store,6007001,7,6,744396574.49,201350
store,6007002,7,6,494505907.44,134514,store,6007002,7,6,361471961.81,96877
store,6007003,7,6,435035181.60,118902,store,6007003,7,6,913300981.76,247167
store,6007004,7,6,496430785.58,134500,store,6007004,7,6,387347012.32,106285
store,6007005,7,6,373181999.38,100962,store,6007005,7,6,725767086.29,196601
store,6007006,7,6,515264649.43,140106,store,6007006,7,6,430616350.68,115515
store,6007007,7,6,414473873.25,112689,store,6007007,7,6,828178042.49,224146
store,6007008,7,6,530709317.87,142854,store,6007008,7,6,411064641.41,110632
store,6008001,8,6,363573393.47,99246,store,6008001,8,6,795763651.69,216285
store,6008002,8,6,572028377.93,154397,store,6008002,8,6,468288825.15,126302
store,6008003,8,6,450695603.64,122459,store,6008003,8,6,825919492.55,223615
store,6008004,8,6,495216505.11,134141,store,6008004,8,6,400149689.00,108478
store,6008005,8,6,394716676.73,107345,store,6008005,8,6,780083205.78,210585
store,6008006,8,6,525784637.18,142165,store,6008006,8,6,390297986.09,106741
store,6008007,8,6,419860715.17,114023,store,6008007,8,6,860995685.00,232013
store,6008008,8,6,556077451.03,151819,store,6008008,8,6,438906355.97,118050
store,6009001,9,6,443735093.47,120600,store,6009001,9,6,908790815.68,245962
store,6009002,9,6,526160091.71,142131,store,6009002,9,6,451510638.81,122163
store,8010010,10,8,420551888.34,112320,store,8010010,10,8,330661711.93,89572
store,8011001,11,8,360775981.15,98918,store,8011001,11,8,696303806.90,188266
store,8011002,11,8,423579158.23,114609,store,8011002,11,8,336893739.24,90273
store,8011003,11,8,348114513.93,94332,store,8011003,11,8,676931825.67,182974
store,8011004,11,8,402356728.26,108721,store,8011004,11,8,328858919.25,88736
store,8011005,11,8,311890617.93,84277,store,8011005,11,8,641279481.77,173484
store,8011006,11,8,375849903.71,102091,store,8011006,11,8,291876932.19,79980
store,8011007,11,8,267457494.23,72551,store,8011007,11,8,568566441.30,154703
store,8011008,11,8,475145148.26,129039,store,8011008,11,8,370953807.31,100132
store,8011009,11,8,324421779.55,88007,store,8011009,11,8,669320523.21,179452
store,8011010,11,8,365730681.61,98812,store,8011010,11,8,286572110.19,76914
store,8012001,12,8,366953666.52,99012,store,8012001,12,8,740713040.15,199099
store,8012002,12,8,408376831.15,109691,store,8012002,12,8,324628374.60,87999
store,8012003,12,8,326667336.52,88186,store,8012003,12,8,683719221.04,184931
store,8012004,12,8,456010984.52,122562,store,8012004,12,8,365137826.54,98965
store,8012005,12,8,336189699.37,90852,store,8012005,12,8,659451192.39,179231
store,8012006,12,8,380271674.87,103345,store,8012006,12,8,311074755.65,84844
store,8012007,12,8,330529284.89,90524,store,8012007,12,8,703864200.89,190840
store,8012008,12,8,438999495.83,118954,store,8012008,12,8,345956230.72,92105
store,8012009,12,8,310689167.68,84035,store,8012009,12,8,631129569.35,170130
store,8012010,12,8,400557077.37,108554,store,8012010,12,8,343785405.67,93552
store,8013001,13,8,363520230.02,99201,store,8013001,13,8,698832871.80,187864
store,8013002,13,8,341590375.60,92082,store,8013002,13,8,251254107.48,68186
store,8013003,13,8,292717140.43,79891,store,8013003,13,8,599095087.95,161488
store,8013004,13,8,378055575.11,102868,store,8013004,13,8,336560208.06,91230
store,8013005,13,8,300546895.46,81420,store,8013005,13,8,651533193.37,175639
store,8013006,13,8,371532869.14,100818,store,8013006,13,8,309716973.39,84059
store,8013007,13,8,302844557.81,82127,store,8013007,13,8,648432162.15,176145
store,8013008,13,8,351314120.12,94578,store,8013008,13,8,309913421.39,84686
store,8013009,13,8,334386448.54,89309,store,8013009,13,8,603259068.33,164885
store,8013010,13,8,450337644.14,122234,store,8013010,13,8,352649389.67,94715
store,8014001,14,8,330845864.40,89481,store,8014001,14,8,732722609.93,197223
store,8014002,14,8,466786803.38,126588,store,8014002,14,8,391924370.67,106302
store,8014003,14,8,290798429.65,79366,store,8014003,14,8,623588159.80,167442
store,8014004,14,8,271470892.99,73689,store,8014004,14,8,232217505.51,63396
store,8014005,14,8,334087830.94,91230,store,8014005,14,8,670279320.05,182189
store,8014006,14,8,391931172.05,104942,store,8014006,14,8,300710010.01,80583
store,8014007,14,8,307172087.55,84133,store,8014007,14,8,627489187.25,169052
store,8014008,14,8,334123945.69,90338,store,8014008,14,8,244452796.67,66016
store,8014009,14,8,400734820.08,109940,store,8014009,14,8,751733742.61,203393
store,8014010,14,8,355354341.69,95987,store,8014010,14,8,293904304.25,79410
store,8015001,15,8,319049842.33,86456,store,8015001,15,8,600831626.60,162760
store,8015002,15,8,397629458.03,108384,store,8015002,15,8,344384358.50,91965
store,8015003,15,8,363463044.21,97862,store,8015003,15,8,656582496.98,177647
store,8015004,15,8,429545642.25,115989,store,8015004,15,8,336781723.58,90757
store,8015005,15,8,336751930.81,90615,store,8015005,15,8,675734505.47,182959
store,8015006,15,8,386332434.93,105288,store,8015006,15,8,308830649.34,84003
store,8015007,15,8,362012968.09,98347,store,8015007,15,8,712651577.72,191509
store,8015008,15,8,398271289.97,106628,store,8015008,15,8,316133746.46,86933
store,8015009,15,8,310641492.94,83851,store,8015009,15,8,589954688.58,160743
store,8015010,15,8,394945692.67,106105,store,8015010,15,8,325560068.88,88989
store,8016001,16,8,361482135.60,95895,store,8016001,16,8,668154943.68,180014
store,8016002,16,8,344156932.33,93106,store,8016002,16,8,270600442.47,73071
store,8016003,16,8,365025606.01,99634,store,8016003,16,8,655094072.52,177183
store,8016004,16,8,412044473.46,112259,store,8016004,16,8,316787916.87,86247
store,8016005,16,8,342538726.91,93749,store,8016005,16,8,595178064.12,162337
store,8016006,16,8,482173615.73,130777,store,8016006,16,8,416587742.86,113257
store,8016007,16,8,319375108.88,87099,store,8016007,16,8,575278483.98,156522
store,8016008,16,8,432185189.70,118395,store,8016008,16,8,328844667.62,88561
store,8016009,16,8,359041503.12,98020,store,8016009,16,8,669590455.26,181226
store,8016010,16,8,453050454.66,122689,store,8016010,16,8,367309772.37,100040
store,9001002,1,9,757872293.82,205611,store,9001002,1,9,762147332.77,206229
store,9001003,1,9,870055564.01,234252,store,9001003,1,9,870743593.59,236042
store,9001005,1,9,15374226.84,4272,store,9001005,1,9,804452609.61,219130
store,9001008,1,9,780697142.18,212357,store,9001008,1,9,782890086.43,211787
store,9001009,1,9,749652171.22,203168,store,9001009,1,9,757159322.46,203971
store,9001011,1,9,11401078.02,3357,store,9001011,1,9,789852685.91,214807
store,9002002,2,9,773252413.31,208417,store,9002002,2,9,770822746.10,208853
store,9002003,2,9,803973059.58,218207,store,9002003,2,9,813633706.90,219667
store,9002005,2,9,16211943.77,4409,store,9002005,2,9,799518101.62,216393
store,9002008,2,9,829020076.02,224148,store,9002008,2,9,835348229.87,225929
store,9002009,2,9,882130838.53,236752,store,9002009,2,9,881679079.63,239389
store,9002011,2,9,26797317.49,7488,store,9002011,2,9,835604876.53,226949
store,9003002,3,9,747152236.43,202782,store,9003002,3,9,745635382.17,201585
store,9003003,3,9,756818108.08,205125,store,9003003,3,9,766277225.00,207357
store,9003005,3,9,18383775.21,5314,store,9003005,3,9,856263654.74,231099
store,9003008,3,9,753846640.93,204010,store,9003008,3,9,760061443.89,205691
store,9003009,3,9,769548413.99,207648,store,9003009,3,9,762217985.16,207184
store,9003011,3,9,17637507.72,4950,store,9003011,3,9,786193119.41,213214
store,9004002,4,9,799611495.07,215922,store,9004002,4,9,800893105.56,216769
store,9004003,4,9,819152123.17,220727,store,9004003,4,9,832124378.68,224824
store,9004005,4,9,24292418.16,6445,store,9004005,4,9,811831553.08,220523
store,9004008,4,9,800838807.58,216941,store,9004008,4,9,799558650.60,217492
store,9004009,4,9,781030774.68,210507,store,9004009,4,9,765606103.20,208900
store,9004011,4,9,28975724.80,7645,store,9004011,4,9,791346849.14,213835
store,9005002,5,9,749385505.42,203738,store,9005002,5,9,769244916.05,206585
store,9005003,5,9,820556107.81,223103,store,9005003,5,9,813873312.16,222020
store,9005005,5,9,27365458.38,7177,store,9005005,5,9,799390531.42,217349
store,9005008,5,9,893267333.57,244120,store,9005008,5,9,895568854.05,243205
store,9005009,5,9,850944957.70,230677,store,9005009,5,9,843818050.81,229128
store,9005011,5,9,7849637.08,2100,store,9005011,5,9,810759741.47,219852
store,9006002,6,9,785271908.19,214052,store,9006002,6,9,790661733.26,214156
store,9006003,6,9,753008613.50,204840,store,9006003,6,9,762218357.55,206124
store,9006005,6,9,30973542.23,8743,store,9006005,6,9,887374521.98,241195
store,9006008,6,9,822823019.30,222404,store,9006008,6,9,832814600.12,225423
store,9006009,6,9,849905623.25,230713,store,9006009,6,9,854353398.45,232731
store,9006011,6,9,10836004.33,3001,store,9006011,6,9,756722577.01,205917
store,9007002,7,9,770534637.32,207911,store,9007002,7,9,782933443.59,211356
store,9007003,7,9,858687990.37,232171,store,9007003,7,9,859666354.08,232819
store,9007005,7,9,21268717.94,5407,store,9007005,7,9,786613830.62,213976
store,9007008,7,9,841454994.56,228674,store,9007008,7,9,847298132.18,229864
store,9007009,7,9,826122342.54,223771,store,9007009,7,9,825875424.19,224215
store,9007011,7,9,12012473.26,3024,store,9007011,7,9,711222660.34,192639
store,9008002,8,9,745566578.05,201043,store,9008002,8,9,729719053.67,198790
store,9008003,8,9,917421438.89,246801,store,9008003,8,9,910757372.37,246929
store,9008005,8,9,31342761.40,8334,store,9008005,8,9,776034164.90,210650
store,9008008,8,9,763386687.25,208268,store,9008008,8,9,772266970.50,209872
store,10004008,4,10,190936758.80,51420,store,10004008,4,10,260201213.25,69933
store,10004009,4,10,212935798.01,57330,store,10004009,4,10,291077516.71,78384
store,10004010,4,10,173950961.49,46578,store,10004010,4,10,279072020.14,75507
store,10004011,4,10,263229605.47,70403,store,10004011,4,10,357848203.31,96969
store,10004012,4,10,209516351.91,56744,store,10004012,4,10,257538207.47,69653
store,10004013,4,10,202236250.80,55619,store,10004013,4,10,289153494.92,78315
store,10004014,4,10,191517280.48,51604,store,10004014,4,10,276241357.84,74793
store,10004015,4,10,207534095.19,56562,store,10004015,4,10,286353416.61,77979
store,10004016,4,10,177175154.82,48075,store,10004016,4,10,290187406.31,78309
store,10004017,4,10,149512658.38,40761,store,10004017,4,10,231520856.82,63374
store,10005001,5,10,227951902.24,61704,store,10005001,5,10,263899420.49,72194
store,10005002,5,10,213102456.64,57443,store,10005002,5,10,272491658.00,74938
store,10005003,5,10,210881414.49,57099,store,10005003,5,10,260418287.56,70833
store,10005004,5,10,273839198.89,75155,store,10005004,5,10,316035535.24,86111
store,10005005,5,10,224143854.57,61163,store,10005005,5,10,270527691.81,73253
store,10005006,5,10,227909326.05,62031,store,10005006,5,10,292480201.88,78944
store,10005007,5,10,205116205.09,55613,store,10005007,5,10,277154284.21,74760
store,10005008,5,10,246555094.83,66281,store,10005008,5,10,321056478.79,87741
store,10005009,5,10,213941709.37,57768,store,10005009,5,10,264498049.61,70807
store,10005010,5,10,240151166.20,64266,store,10005010,5,10,303680472.53,82278
store,10005011,5,10,228146595.02,61576,store,10005011,5,10,273851304.49,74107
store,10005012,5,10,293918757.37,79794,store,10005012,5,10,339518007.88,91158
store,10005013,5,10,216999031.30,58746,store,10005013,5,10,268088801.59,73083
store,10005014,5,10,190568734.13,52134,store,10005014,5,10,271208313.51,73510
store,10005015,5,10,220717776.83,59603,store,10005015,5,10,272082298.98,73808
store,10005016,5,10,216441453.77,59012,store,10005016,5,10,271677626.86,73208
store,10005017,5,10,240861430.53,65430,store,10005017,5,10,321303580.69,86423
store,10006001,6,10,196064345.75,52132,store,10006001,6,10,287149136.52,76886
store,10006002,6,10,232975619.82,62571,store,10006002,6,10,285204382.49,76002
store,10006003,6,10,212857874.30,57373,store,10006003,6,10,294178994.16,79257
store,10006004,6,10,209879245.26,56650,store,10006004,6,10,283417209.34,76648
store,10006005,6,10,185721714.79,49627,store,10006005,6,10,261758255.46,70821
store,10006006,6,10,184724024.71,49845,store,10006006,6,10,248456524.72,66531
store,10006007,6,10,226171823.83,61152,store,10006007,6,10,288567563.65,77735
store,10006008,6,10,183229561.50,49608,store,10006008,6,10,262576203.23,71746
store,10006009,6,10,245868066.23,67210,store,10006009,6,10,296254283.09,80523
store,10006010,6,10,217397391.35,58975,store,10006010,6,10,328811403.29,89163
store,10006011,6,10,226801656.83,62577,store,10006011,6,10,291240443.10,78966
store,10006012,6,10,210253405.86,57267,store,10006012,6,10,272913047.54,73766
store,10006013,6,10,198229987.54,54141,store,10006013,6,10,249216169.62,67263
store,10006014,6,10,230982223.54,61702,store,10006014,6,10,289978366.04,79219
store,10006015,6,10,215920164.52,57869,store,10006015,6,10,289037219.30,79828
store,10006016,6,10,182617035.78,48957,store,10006016,6,10,246724939.85,66151
store,10006017,6,10,208369792.42,56966,store,10006017,6,10,232051320.48,62983
store,10007001,7,10,164983498.68,45035,store,10007001,7,10,218090178.16,59729
store,10007002,7,10,168494201.23,46433,store,10007002,7,10,255412773.24,69661
store,10007003,7,10,244790112.73,65779,store,10007003,7,10,288454322.07,77517
store,10007004,7,10,201825948.39,54694,store,10007004,7,10,294266558.19,79442
store,10007005,7,10,256801829.01,69164,store,10007005,7,10,332320247.42,89348
store,10007006,7,10,213773954.69,58176,store,10007006,7,10,272972486.35,73710
store,10007007,7,10,207085498.88,56668,store,10007007,7,10,282797544.70,76470
store,10007008,7,10,199372667.76,53976,store,10007008,7,10,254651102.12,68716
store,10007009,7,10,264200106.10,71153,store,10007009,7,10,320954730.99,86891
store,10007010,7,10,167517803.45,45308,store,10007010,7,10,268331388.37,73855
store,10007011,7,10,246164061.02,65661,store,10007011,7,10,318408490.28,86448
store,10007012,7,10,218921499.56,60442,store,10007012,7,10,284686873.29,77041
store,10007013,7,10,171116105.29,46159,store,10007013,7,10,238800496.20,65469
store,10007014,7,10,221795691.73,61210,store,10007014,7,10,329756558.04,90176
store,10007015,7,10,242293766.36,66378,store,10007015,7,10,308083918.48,84610
store,10007016,7,10,224168477.82,59832,store,10007016,7,10,279735264.31,74859
store,10007017,7,10,220243651.85,60224,store,10007017,7,10,294296812.81,78524
store,10008001,8,10,216677710.19,58142,store,10008001,8,10,265540118.53,72072
store,10008002,8,10,214289787.23,58478,store,10008002,8,10,253453310.61,69182
store,10008003,8,10,259929945.07,69725,store,10008003,8,10,282289761.21,76058
store,10008004,8,10,205837260.83,56444,store,10008004,8,10,267507231.01,72064
store,10008005,8,10,173083743.72,47045,store,10008005,8,10,264182913.47,72122
store,10008006,8,10,281359038.04,76766,store,10008006,8,10,378920106.21,101559
store,10008007,8,10,210077611.73,57007,store,10008007,8,10,283401811.14,76851
store,10008008,8,10,231570656.12,62342,store,10008008,8,10,305869818.75,84382
store,10008009,8,10,175441020.63,46835,store,10008009,8,10,264163984.22,71906
store,10008010,8,10,187322808.67,50941,store,10008010,8,10,225634993.06,61024
store,10008011,8,10,280524484.07,75605,store,10008011,8,10,367479444.23,99521
store,10008012,8,10,270211793.05,73408,store,10008012,8,10,295373961.79,80982
store,10008013,8,10,242485879.39,65339,store,10008013,8,10,313610335.35,85105
store,10008014,8,10,219834727.39,59014,store,10008014,8,10,313599374.28,85934
store,10008015,8,10,252853885.58,68303,store,10008015,8,10,292403404.57,78419
store,10008016,8,10,245403078.07,67283,store,10008016,8,10,336367900.78,91168
store,10008017,8,10,216539874.42,58392,store,10008017,8,10,250662151.86,67397
store,10009001,9,10,204726281.34,55669,store,10009001,9,10,243772780.49,65752
store,10009002,9,10,166424304.98,45445,store,10009002,9,10,229001267.11,62340
store,10009003,9,10,216480427.03,59342,store,10009003,9,10,268316850.18,72878
store,10009004,9,10,240412557.45,65006,store,10009004,9,10,258735931.21,70322
store,10009005,9,10,233647560.10,63561,store,10009005,9,10,341718365.77,90938
store,10009006,9,10,208807894.08,56339,store,10009006,9,10,279069274.99,76046
store,10009007,9,10,221994215.72,59911,store,10009007,9,10,261185878.64,69754
store,10009008,9,10,252423406.84,66470,store,10009008,9,10,286985486.50,77527
store,10009009,9,10,249317333.70,67314,store,10009009,9,10,321036153.97,87457
store,10009010,9,10,244477875.10,66085,store,10009010,9,10,328774490.85,88465
store,10009011,9,10,217797153.01,58740,store,10009011,9,10,303629593.60,81781
store,10009012,9,10,228643786.88,61791,store,10009012,9,10,280449570.81,76278
store,10009013,9,10,248802516.68,67321,store,10009013,9,10,284606845.77,77917
store,10009014,9,10,207870629.16,54996,store,10009014,9,10,253822704.85,69471
store,10009015,9,10,281779615.35,75380,store,10009015,9,10,356900544.63,96280
store,10009016,9,10,214029064.15,58436,store,10009016,9,10,260888287.68,70418
store,10009017,9,10,229515954.53,62570,store,10009017,9,10,332080518.53,89718
store,10010001,10,10,203912339.74,56144,store,10010001,10,10,299403413.18,81947
store,10010002,10,10,192306438.49,52098,store,10010002,10,10,305353511.20,82351
store,10010003,10,10,211146171.68,56574,store,10010003,10,10,299170408.71,81172
store,10010004,10,10,144055812.21,39110,store,10010004,10,10,243237933.00,65241
store,10010005,10,10,261246566.73,70398,store,10010005,10,10,313340575.63,84203
store,10010006,10,10,238895894.60,64277,store,10010006,10,10,323631207.98,86457
store,10010007,10,10,183476144.78,48938,store,10010007,10,10,280388279.11,76914
store,10010008,10,10,229366275.46,62945,store,10010008,10,10,297083450.25,79667
store,10010009,10,10,167038306.14,46393,store,10010009,10,10,212385410.92,57147
store,10010010,10,10,219391034.29,59984,store,10010010,10,10,319292838.87,85734
store,10010011,10,10,235849365.56,64723,store,10010011,10,10,352572458.34,95542
store,10010012,10,10,179936297.28,48622,store,10010012,10,10,255992368.73,69982
store,7016003,16,7,337007758.28,90900,store,7016003,16,7,692024812.63,184806
store,7016004,16,7,420548386.08,112393,store,7016004,16,7,310384194.34,84360
store,7016005,16,7,309760408.06,84498,store,7016005,16,7,658417455.14,180267
store,7016006,16,7,401366301.00,109808,store,7016006,16,7,310699548.27,84567
store,7016007,16,7,328122335.02,88853,store,7016007,16,7,637807571.78,172033
store,7016008,16,7,446035097.26,122303,store,7016008,16,7,348825671.16,94811
store,7016009,16,7,342850618.28,92629,store,7016009,16,7,581480059.84,158008
store,7016010,16,7,427654948.52,116728,store,7016010,16,7,338344036.93,91620
store,8001001,1,8,319353165.34,86113,store,8001001,1,8,629670259.90,170173
store,8001002,1,8,459922920.51,126064,store,8001002,1,8,369880875.52,101425
store,8001003,1,8,339939224.16,90943,store,8001003,1,8,632405066.85,171160
store,8001004,1,8,409016207.04,111085,store,8001004,1,8,349181134.31,94671
store,8001005,1,8,350025261.33,95353,store,8001005,1,8,645752495.02,174468
store,8001006,1,8,353846462.63,95797,store,8001006,1,8,282397866.20,76570
store,8001007,1,8,328065032.92,88470,store,8001007,1,8,616486268.01,167360
store,8001008,1,8,344179404.56,93335,store,8001008,1,8,269074947.43,72940
store,8001009,1,8,393825535.30,106719,store,8001009,1,8,725547234.59,194498
store,8001010,1,8,415035325.72,112781,store,8001010,1,8,314307182.11,85753
store,8002001,2,8,283465481.54,75578,store,8002001,2,8,616295236.13,167821
store,8002002,2,8,456271655.97,123260,store,8002002,2,8,349774116.18,94356
store,8002003,2,8,348494523.64,94736,store,8002003,2,8,670585119.33,182401
store,8002004,2,8,378499445.91,103107,store,8002004,2,8,304118913.93,82059
store,8002005,2,8,379137757.43,101900,store,8002005,2,8,705463398.00,191219
store,8002006,2,8,434764954.46,118048,store,8002006,2,8,353929082.48,95836
store,8002007,2,8,383749230.54,103911,store,8002007,2,8,653021329.19,176358
store,8002008,2,8,343427231.63,94182,store,8002008,2,8,303031276.21,82020
store,8002009,2,8,295849917.32,80216,store,8002009,2,8,633906237.47,172305
store,8002010,2,8,396338091.42,107021,store,8002010,2,8,327302520.02,88151
store,8003001,3,8,323169262.42,87241,store,8003001,3,8,571878137.73,155023
store,8003002,3,8,482300991.04,130732,store,8003002,3,8,393198567.47,105493
store,8003003,3,8,338996576.66,92177,store,8003003,3,8,666013950.47,180108
store,8003004,3,8,422297592.17,114606,store,8003004,3,8,338575387.41,91159
store,8003005,3,8,287054006.19,76922,store,8003005,3,8,552037900.00,150358
store,8003006,3,8,429877192.11,116747,store,8003006,3,8,311767861.32,84951
store,8003007,3,8,277974904.75,75849,store,8003007,3,8,679645109.64,184377
store,8003008,3,8,410036977.08,110284,store,8003008,3,8,314939983.50,84563
store,8003009,3,8,351780512.07,93943,store,8003009,3,8,628932978.39,170811
store,8003010,3,8,459351452.59,124607,store,8003010,3,8,367287690.01,99794
store,8004001,4,8,381280626.65,103080,store,8004001,4,8,716973770.99,194606
store,8004002,4,8,411037812.36,112493,store,8004002,4,8,362530313.61,98101
store,8004003,4,8,377881769.81,103262,store,8004003,4,8,694494448.79,186833
store,8004004,4,8,458117561.79,123921,store,8004004,4,8,318310597.00,87366
store,8004005,4,8,334155489.41,90182,store,8004005,4,8,704733273.67,190113
store,8004006,4,8,384761834.89,104457,store,8004006,4,8,323733412.07,87840
store,8004007,4,8,319327744.78,86821,store,8004007,4,8,675193751.65,182589
store,8004008,4,8,367331139.50,99308,store,8004008,4,8,292370637.65,79630
store,8004009,4,8,292282823.95,79876,store,8004009,4,8,592276372.37,160517
store,8004010,4,8,479181904.08,128790,store,8004010,4,8,359441869.18,97271
store,8005001,5,8,369573554.82,98845,store,8005001,5,8,657290495.95,177108
store,8005002,5,8,421955436.08,114869,store,8005002,5,8,325703156.63,88525
store,8005003,5,8,311098294.47,84008,store,8005003,5,8,646192783.58,174745
store,8005004,5,8,398981006.97,108124,store,8005004,5,8,302105402.22,82457
store,8005005,5,8,302828124.17,81100,store,8005005,5,8,639889673.56,172848
store,8005006,5,8,463211184.52,124273,store,8005006,5,8,371971961.00,100586
store,8005007,5,8,327407512.34,88034,store,8005007,5,8,595767101.61,163498
store,8005008,5,8,416350259.83,112816,store,8005008,5,8,308958801.63,84480
store,8005009,5,8,345746928.08,93765,store,8005009,5,8,704676882.23,190908
store,8005010,5,8,404701253.66,109952,store,8005010,5,8,319878617.14,87314
store,8006001,6,8,314561428.61,85193,store,8006001,6,8,620894621.88,167538
store,8006002,6,8,447934232.59,122657,store,8006002,6,8,386980250.19,105043
store,8006003,6,8,278288949.36,74830,store,8006003,6,8,589234392.89,159842
store,8006004,6,8,413254100.82,112038,store,8006004,6,8,327158269.22,88080
store,8006005,6,8,301659883.93,81405,store,8006005,6,8,603012097.49,163745
store,8006006,6,8,344319132.41,93719,store,8006006,6,8,279126872.91,76511
store,8006007,6,8,369561516.85,100100,store,8006007,6,8,721725918.27,195678
store,8006008,6,8,473259414.62,127623,store,8006008,6,8,363389973.79,99507
store,8006009,6,8,366286695.00,99446,store,8006009,6,8,704716398.35,191776
store,8006010,6,8,418532689.73,113560,store,8006010,6,8,317107876.50,86699
store,8007001,7,8,290353714.41,78160,store,8007001,7,8,624087959.75,168508
store,8007002,7,8,410754702.31,110908,store,8007002,7,8,288175615.69,77602
store,8007003,7,8,304936898.38,82729,store,8007003,7,8,598100080.64,160563
store,8007004,7,8,366858531.84,98881,store,8007004,7,8,280623721.24,75840
store,8007005,7,8,346299484.90,93965,store,8007005,7,8,686114958.07,187191
store,8007006,7,8,354823106.08,95862,store,8007006,7,8,296595356.23,80886
store,8007007,7,8,293493087.12,79961,store,8007007,7,8,567335627.88,154462
store,8007008,7,8,400128653.10,108267,store,8007008,7,8,340271866.44,91640
store,8007009,7,8,268791818.17,71841,store,8007009,7,8,551592787.85,149260
store,8007010,7,8,423610817.00,114972,store,8007010,7,8,304042437.18,83056
store,8008001,8,8,332782070.48,90077,store,8008001,8,8,647793299.06,176279
store,8008002,8,8,359159918.53,98022,store,8008002,8,8,273686512.66,73036
store,8008003,8,8,367706523.72,100064,store,8008003,8,8,653064358.20,176671
store,8008004,8,8,389432738.02,105500,store,8008004,8,8,323957464.11,87996
store,8008005,8,8,403070378.51,109395,store,8008005,8,8,733834398.26,198396
store,8008006,8,8,435851426.96,117781,store,8008006,8,8,374372398.71,100797
store,8008007,8,8,277753141.97,75529,store,8008007,8,8,546775314.90,147892
store,8008008,8,8,429745824.56,116130,store,8008008,8,8,345841359.74,94118
store,8008009,8,8,431388080.83,116684,store,8008009,8,8,695142520.29,188512
store,8008010,8,8,402932255.39,109582,store,8008010,8,8,323968161.30,88085
store,8009001,9,8,321065919.35,86337,store,8009001,9,8,596323142.67,161863
store,8009002,9,8,441255492.59,119493,store,8009002,9,8,362290582.06,98379
store,8009003,9,8,337549728.98,91391,store,8009003,9,8,645725104.64,173514
store,8009004,9,8,440756134.54,118372,store,8009004,9,8,366131531.71,99251
store,8009005,9,8,388988886.24,104848,store,8009005,9,8,705885930.98,192612
store,8009006,9,8,400144414.16,108126,store,8009006,9,8,329066011.55,89257
store,8009007,9,8,341613360.59,92152,store,8009007,9,8,692457191.84,186280
store,8009008,9,8,372177793.22,100854,store,8009008,9,8,257170886.14,70017
store,8009009,9,8,360294205.85,97890,store,8009009,9,8,712711285.85,191763
store,8009010,9,8,451006922.88,123356,store,8009010,9,8,366920958.67,99332
store,8010001,10,8,331438831.55,89310,store,8010001,10,8,668931475.66,181135
store,8010002,10,8,480730859.24,131557,store,8010002,10,8,406243592.08,110590
store,8010003,10,8,302058544.28,81883,store,8010003,10,8,632563895.09,171371
store,8010004,10,8,410518120.70,111452,store,8010004,10,8,313812013.16,84474
store,8010005,10,8,348662386.03,94707,store,8010005,10,8,675330524.26,182822
store,8010006,10,8,417411266.47,112352,store,8010006,10,8,324407631.86,87884
store,8010007,10,8,389052924.05,104698,store,8010007,10,8,710260143.10,192969
store,8010008,10,8,410404417.29,111144,store,8010008,10,8,345209346.19,93300
store,8010009,10,8,379252810.25,103486,store,8010009,10,8,676567615.50,182207
store,7005006,5,7,409665673.16,111312,store,7005006,5,7,349805046.15,95362
store,7005007,5,7,249168270.10,66550,store,7005007,5,7,540793297.04,146397
store,7005008,5,7,413072017.01,111579,store,7005008,5,7,320556274.40,86023
store,7005009,5,7,317326309.00,85493,store,7005009,5,7,599912647.70,163582
store,7005010,5,7,409842312.91,111414,store,7005010,5,7,329591728.86,88873
store,7006001,6,7,316128075.08,86132,store,7006001,6,7,681588946.96,185959
store,7006002,6,7,386823491.61,105022,store,7006002,6,7,344684071.99,93443
store,7006003,6,7,309025176.10,84467,store,7006003,6,7,615193936.57,167726
store,7006004,6,7,409600198.25,111317,store,7006004,6,7,309821625.15,84325
store,7006005,6,7,271228026.40,73881,store,7006005,6,7,646639593.41,175484
store,7006006,6,7,398442643.08,107776,store,7006006,6,7,321391471.85,87098
store,7006007,6,7,335027778.09,91472,store,7006007,6,7,632203594.38,170002
store,7006008,6,7,460086551.21,124793,store,7006008,6,7,382538741.84,103989
store,7006009,6,7,368055928.74,99108,store,7006009,6,7,701120019.57,190356
store,7006010,6,7,398832340.04,107977,store,7006010,6,7,298439483.06,80060
store,7007001,7,7,316019288.60,85482,store,7007001,7,7,650048077.89,175378
store,7007002,7,7,417822865.44,114038,store,7007002,7,7,358930503.87,97060
store,7007003,7,7,280716119.29,76467,store,7007003,7,7,504670497.63,136678
store,7007004,7,7,437020651.81,119143,store,7007004,7,7,355275105.31,97421
store,7007005,7,7,258416691.68,69670,store,7007005,7,7,579098399.80,156497
store,7007006,7,7,335227067.36,90837,store,7007006,7,7,260963801.97,70724
store,7007007,7,7,329595134.58,89530,store,7007007,7,7,666427089.33,181024
store,7007008,7,7,441150017.12,119685,store,7007008,7,7,356751115.57,96440
store,7007009,7,7,342367586.24,92671,store,7007009,7,7,716630362.13,194726
store,7007010,7,7,380515734.20,102707,store,7007010,7,7,334266115.28,90306
store,7008001,8,7,319385095.03,87062,store,7008001,8,7,626301660.73,169488
store,7008002,8,7,395173379.01,107461,store,7008002,8,7,337558081.03,90829
store,7008003,8,7,326732867.31,88352,store,7008003,8,7,628638244.16,170594
store,7008004,8,7,377154581.59,102448,store,7008004,8,7,298873469.60,81305
store,7008005,8,7,302104757.11,83390,store,7008005,8,7,574921975.53,156264
store,7008006,8,7,332133545.65,90507,store,7008006,8,7,260029323.02,71039
store,7008007,8,7,288632668.43,78027,store,7008007,8,7,627740749.75,171079
store,7008008,8,7,431464072.92,116643,store,7008008,8,7,350484314.21,95754
store,7008009,8,7,302825107.79,81601,store,7008009,8,7,596129906.63,160967
store,7008010,8,7,434390009.18,118285,store,7008010,8,7,332466927.75,91101
store,7009001,9,7,338411655.91,92015,store,7009001,9,7,711963696.66,191435
store,7009002,9,7,431786557.75,116494,store,7009002,9,7,309060501.15,82917
store,7009003,9,7,320208096.94,86881,store,7009003,9,7,641271196.26,175559
store,7009004,9,7,450338505.04,121770,store,7009004,9,7,344576245.08,94242
store,7009005,9,7,363792232.87,99077,store,7009005,9,7,683738295.40,186659
store,7009006,9,7,378310333.20,101178,store,7009006,9,7,286975986.95,78445
store,7009007,9,7,360611744.87,96978,store,7009007,9,7,655622479.55,178049
store,7009008,9,7,335122570.80,91338,store,7009008,9,7,263123626.67,71303
store,7009009,9,7,386319966.62,104783,store,7009009,9,7,649930401.15,176254
store,7009010,9,7,343064348.92,92870,store,7009010,9,7,285181363.82,77112
store,7010001,10,7,313196433.47,83558,store,7010001,10,7,676799767.97,181925
store,7010002,10,7,408562545.85,109756,store,7010002,10,7,341654693.85,93206
store,7010003,10,7,400352083.51,107929,store,7010003,10,7,728906134.44,196603
store,7010004,10,7,440530901.76,119172,store,7010004,10,7,349961972.57,94935
store,7010005,10,7,296511503.18,80718,store,7010005,10,7,669169707.50,181409
store,7010006,10,7,380526011.53,103731,store,7010006,10,7,321664661.61,87710
store,7010007,10,7,319904109.09,86783,store,7010007,10,7,643014868.97,174324
store,7010008,10,7,444704736.97,120041,store,7010008,10,7,344357286.58,93274
store,7010009,10,7,373531094.14,102560,store,7010009,10,7,713215891.12,192629
store,7010010,10,7,406181560.83,111704,store,7010010,10,7,336438576.82,90955
store,7011001,11,7,344856093.85,93993,store,7011001,11,7,712460333.56,191621
store,7011002,11,7,399067260.97,107404,store,7011002,11,7,321958520.55,87238
store,7011003,11,7,336431738.53,91066,store,7011003,11,7,680543127.67,185019
store,7011004,11,7,412964454.68,112466,store,7011004,11,7,312424883.74,84283
store,7011005,11,7,357358698.54,97212,store,7011005,11,7,681887210.95,184171
store,7011006,11,7,383410915.12,104594,store,7011006,11,7,332375396.91,89577
store,7011007,11,7,237063187.16,64642,store,7011007,11,7,577156308.96,156267
store,7011008,11,7,392272655.93,106187,store,7011008,11,7,316820028.90,85485
store,7011009,11,7,311429745.00,83766,store,7011009,11,7,639916508.79,173559
store,7011010,11,7,320041759.81,87390,store,7011010,11,7,258316948.22,68748
store,7012001,12,7,382860233.08,103487,store,7012001,12,7,709758172.29,190897
store,7012002,12,7,381499059.32,103680,store,7012002,12,7,300826762.66,82483
store,7012003,12,7,357348368.86,96415,store,7012003,12,7,645056180.19,175343
store,7012004,12,7,393967905.22,106814,store,7012004,12,7,330430822.41,89086
store,7012005,12,7,335971350.56,91173,store,7012005,12,7,653374372.28,178349
store,7012006,12,7,419769113.12,113966,store,7012006,12,7,357716790.04,97340
store,7012007,12,7,298983122.90,81567,store,7012007,12,7,623496334.23,169728
store,7012008,12,7,392597625.75,106771,store,7012008,12,7,321949687.73,87189
store,7012009,12,7,275546987.89,74778,store,7012009,12,7,559615574.34,150903
store,7012010,12,7,425804267.65,116366,store,7012010,12,7,347885033.12,95086
store,7013001,13,7,316725152.69,85330,store,7013001,13,7,545264457.93,148107
store,7013002,13,7,461971210.81,124662,store,7013002,13,7,341279609.81,92078
store,7013003,13,7,317165718.76,85689,store,7013003,13,7,593045529.68,159696
store,7013004,13,7,388093184.20,104918,store,7013004,13,7,317595912.92,85286
store,7013005,13,7,392001585.04,105279,store,7013005,13,7,720732619.15,195426
store,7013006,13,7,330738029.20,89668,store,7013006,13,7,260605357.49,70172
store,7013007,13,7,278567578.73,76035,store,7013007,13,7,557107425.16,150803
store,7013008,13,7,376700476.44,100742,store,7013008,13,7,269940924.83,74014
store,7013009,13,7,313409406.99,84940,store,7013009,13,7,615338363.56,166615
store,7013010,13,7,412944350.35,112266,store,7013010,13,7,346127413.88,92785
store,7014001,14,7,312054884.06,83809,store,7014001,14,7,699824353.10,189765
store,7014002,14,7,430642135.56,116446,store,7014002,14,7,360111198.72,98907
store,7014003,14,7,393782864.99,107753,store,7014003,14,7,711686006.55,192757
store,7014004,14,7,409791290.21,110678,store,7014004,14,7,340693365.76,91005
store,7014005,14,7,370892098.38,99165,store,7014005,14,7,636997555.39,173386
store,7014006,14,7,400387000.26,109096,store,7014006,14,7,320356106.54,86132
store,7014007,14,7,365878796.05,99253,store,7014007,14,7,589722665.77,159879
store,7014008,14,7,374446335.20,101293,store,7014008,14,7,308125404.14,83548
store,7014009,14,7,373647687.58,99881,store,7014009,14,7,675920000.52,183009
store,7014010,14,7,396145646.12,106986,store,7014010,14,7,311426041.41,84654
store,7015001,15,7,365775171.50,99484,store,7015001,15,7,651428497.95,179773
store,7015002,15,7,397182686.85,108324,store,7015002,15,7,325807924.39,87474
store,7015003,15,7,389115764.22,106416,store,7015003,15,7,692312282.46,187174
store,7015004,15,7,372659535.96,100928,store,7015004,15,7,293424688.89,78708
store,7015005,15,7,388953251.14,104470,store,7015005,15,7,732316986.11,197839
store,7015006,15,7,360446368.54,97553,store,7015006,15,7,273988852.41,74605
store,7015007,15,7,355568034.38,97345,store,7015007,15,7,650174531.45,176023
store,7015008,15,7,318625773.16,86421,store,7015008,15,7,275551764.66,74916
store,7015009,15,7,303276867.65,82399,store,7015009,15,7,629269035.66,169997
store,7015010,15,7,418449605.34,112156,store,7015010,15,7,332534427.31,90449
store,7016001,16,7,306266779.77,82135,store,7016001,16,7,566765990.60,153177
store,7016002,16,7,368338348.10,99091,store,7016002,16,7,290747782.44,79019
store,10010013,10,10,204256100.37,55136,store,10010013,10,10,282030103.55,77604
store,10010014,10,10,212060316.33,58524,store,10010014,10,10,286540701.08,76837
store,10010015,10,10,264065119.55,72081,store,10010015,10,10,348828892.20,94924
store,10010016,10,10,266099705.70,72123,store,10010016,10,10,289555532.38,78056
store,10010017,10,10,229122377.90,61531,store,10010017,10,10,289974016.03,78177
store,10011001,11,10,247266944.26,67965,store,10011001,11,10,311412864.89,84869
store,10011002,11,10,212390977.47,58041,store,10011002,11,10,307725062.97,83370
store,10011003,11,10,202891647.83,54578,store,10011003,11,10,288654968.01,78725
store,10011004,11,10,294291519.46,79329,store,10011004,11,10,354029858.42,96167
store,10011005,11,10,213312941.42,57802,store,10011005,11,10,260515461.26,71392
store,10011006,11,10,201756373.63,55050,store,10011006,11,10,291060267.09,78872
store,10011007,11,10,211539130.45,58034,store,10011007,11,10,293193609.83,79679
store,10011008,11,10,223816112.89,61374,store,10011008,11,10,264022848.29,71019
store,10011009,11,10,233978254.14,63355,store,10011009,11,10,281548627.72,77148
store,10011010,11,10,225735830.54,60512,store,10011010,11,10,272442493.68,73549
store,10011011,11,10,220325015.70,59772,store,10011011,11,10,270715832.40,72724
store,10011012,11,10,211464803.08,57005,store,10011012,11,10,278190665.92,75331
store,10011013,11,10,257160818.69,69492,store,10011013,11,10,360655238.67,98104
store,10011014,11,10,258827107.95,70256,store,10011014,11,10,331162151.55,90250
store,10011015,11,10,191154575.63,52418,store,10011015,11,10,276155830.07,75021
store,10011016,11,10,242197174.90,64996,store,10011016,11,10,319252299.16,86652
store,10011017,11,10,203694372.69,55336,store,10011017,11,10,268576845.82,73043
store,10012001,12,10,212826436.89,57313,store,10012001,12,10,300126246.75,81538
store,10012002,12,10,233226464.65,63586,store,10012002,12,10,307095215.32,83322
store,10012003,12,10,293256169.77,79610,store,10012003,12,10,365689125.81,97617
store,10012004,12,10,284311711.62,76839,store,10012004,12,10,367020865.32,99561
store,10012005,12,10,194863356.58,52686,store,10012005,12,10,248951421.34,67554
store,10012006,12,10,229105100.23,60605,store,10012006,12,10,340154983.12,91681
store,10012007,12,10,196668350.88,53474,store,10012007,12,10,289383816.11,77440
store,10012008,12,10,191260214.88,52115,store,10012008,12,10,290097244.97,77978
store,10012009,12,10,192772342.52,51915,store,10012009,12,10,276629988.30,73705
store,10012010,12,10,185495129.71,50154,store,10012010,12,10,270250101.16,73339
store,10012011,12,10,223767974.75,60848,store,10012011,12,10,303372937.52,82452
store,10012012,12,10,250014032.97,67204,store,10012012,12,10,339536977.27,91435
store,10012013,12,10,167150776.44,45617,store,10012013,12,10,267707353.45,71950
store,10012014,12,10,226939043.25,61538,store,10012014,12,10,307896740.33,83285
store,10012015,12,10,221738402.63,59369,store,10012015,12,10,304301575.81,82692
store,10012016,12,10,243900910.88,66051,store,10012016,12,10,276107043.28,75485
store,10012017,12,10,234710534.61,64505,store,10012017,12,10,309759589.88,84564
store,10013001,13,10,215728621.31,58614,store,10013001,13,10,286924766.30,77455
store,10013002,13,10,217990306.79,58857,store,10013002,13,10,274888648.65,74646
store,10013003,13,10,222466443.89,60816,store,10013003,13,10,275455142.10,74890
store,10013004,13,10,196112717.40,53432,store,10013004,13,10,295381837.87,80140
store,10013005,13,10,207830744.91,55836,store,10013005,13,10,274122961.18,73877
store,10013006,13,10,208160302.82,57052,store,10013006,13,10,314188651.39,85302
store,10013007,13,10,235566142.65,63945,store,10013007,13,10,281687161.76,76500
store,10013008,13,10,208607134.64,56055,store,10013008,13,10,286713487.26,77819
store,10013009,13,10,163704495.14,44289,store,10013009,13,10,250409459.06,68919
store,10013010,13,10,158656664.24,43681,store,10013010,13,10,227434197.69,62488
store,10013011,13,10,243841931.56,65370,store,10013011,13,10,284589872.70,78228
store,10013012,13,10,240138631.07,64342,store,10013012,13,10,304743876.95,81687
store,10013013,13,10,231171722.73,62930,store,10013013,13,10,274043782.14,74203
store,10013014,13,10,217063193.04,59128,store,10013014,13,10,265524354.75,71696
store,10013015,13,10,230352453.95,62738,store,10013015,13,10,316872888.41,86272
store,10013016,13,10,256270603.19,69118,store,10013016,13,10,321281927.38,87936
store,10013017,13,10,199272270.29,54191,store,10013017,13,10,243010312.75,66150
store,10014001,14,10,230156669.88,61854,store,10014001,14,10,291582854.59,78450
store,10014002,14,10,151898890.48,41212,store,10014002,14,10,209811373.05,56278
store,10014003,14,10,202308706.34,54599,store,10014003,14,10,311944036.53,84359
store,10014004,14,10,166873889.26,45315,store,10014004,14,10,225937627.54,60791
store,10014005,14,10,182129801.16,49033,store,10014005,14,10,246152263.29,66849
store,10014006,14,10,185079850.25,48769,store,10014006,14,10,237419068.53,64578
store,10014007,14,10,243401974.36,66894,store,10014007,14,10,308174610.67,82719
store,10014008,14,10,240400571.08,65760,store,10014008,14,10,286292479.91,77717
store,10014009,14,10,211666094.05,57706,store,10014009,14,10,290656482.59,79053
store,10014010,14,10,201998476.91,55144,store,10014010,14,10,268362228.10,72569
store,10014011,14,10,192654397.78,52126,store,10014011,14,10,252468014.96,68126
store,10014012,14,10,244470531.48,66024,store,10014012,14,10,316438159.31,85551
store,10014013,14,10,232043000.46,63346,store,10014013,14,10,304775374.71,82631
store,10014014,14,10,213632703.17,58709,store,10014014,14,10,244992968.33,66396
store,10014015,14,10,229860501.31,61671,store,10014015,14,10,292004864.24,78858
store,10014016,14,10,262970135.95,70761,store,10014016,14,10,383379621.11,104237
store,10014017,14,10,244088998.23,65978,store,10014017,14,10,317168221.99,86020
store,10015001,15,10,184970469.05,49450,store,10015001,15,10,238529907.33,64683
store,10015002,15,10,175062094.52,46997,store,10015002,15,10,234958671.12,63000
store,10015003,15,10,223941251.66,60688,store,10015003,15,10,289395857.79,77960
store,10015004,15,10,202036401.65,54532,store,10015004,15,10,311486593.71,84733
store,10015005,15,10,235582625.42,63882,store,10015005,15,10,300394996.49,79826
store,10015006,15,10,207672636.81,56482,store,10015006,15,10,234280385.00,63401
store,10015007,15,10,189870211.05,51443,store,10015007,15,10,284265990.41,77160
store,10015008,15,10,170308133.55,46580,store,10015008,15,10,202114561.36,55347
store,10015009,15,10,222210111.89,60290,store,10015009,15,10,250982363.40,67987
store,10015010,15,10,251466428.77,67978,store,10015010,15,10,323061212.04,86938
store,10015011,15,10,193263139.66,51927,store,10015011,15,10,283958463.36,76323
store,10015012,15,10,220886723.49,60545,store,10015012,15,10,306274858.61,83292
store,10015013,15,10,285256541.58,78335,store,10015013,15,10,352064313.30,96574
store,10015014,15,10,227104451.26,61727,store,10015014,15,10,340238713.72,89806
store,10015015,15,10,211981181.75,58082,store,10015015,15,10,283881037.23,76953
store,10015016,15,10,213249365.60,57921,store,10015016,15,10,246375787.93,66022
store,10015017,15,10,200189254.12,54141,store,10015017,15,10,255766055.38,69783
store,10016001,16,10,227317237.40,61481,store,10016001,16,10,335226594.91,90780
store,10016002,16,10,210701041.17,57170,store,10016002,16,10,284687311.13,76723
store,10016003,16,10,175043011.59,47261,store,10016003,16,10,261024366.53,70672
store,10016004,16,10,183746386.57,49457,store,10016004,16,10,240119580.47,64745
store,10016005,16,10,194097609.22,52641,store,10016005,16,10,234130472.27,63557
store,10016006,16,10,193711597.05,52765,store,10016006,16,10,277281293.71,74441
store,10016007,16,10,247336149.16,67351,store,10016007,16,10,321599488.23,86494
store,10016008,16,10,171816145.23,47139,store,10016008,16,10,255803707.93,69306
store,10016009,16,10,227321352.67,61380,store,10016009,16,10,320140957.21,87378
store,10016010,16,10,203446126.68,55042,store,10016010,16,10,289226240.66,78401
store,10016011,16,10,177141462.51,48151,store,10016011,16,10,247020823.82,66840
store,10016012,16,10,233667773.26,64208,store,10016012,16,10,349759252.17,93792
store,10016013,16,10,183613317.51,49688,store,10016013,16,10,265148617.80,71607
store,10016014,16,10,218147270.61,58505,store,10016014,16,10,269765847.26,73817
store,10016015,16,10,234310758.61,62835,store,10016015,16,10,278616655.35,75401
store,10016016,16,10,241884629.43,65665,store,10016016,16,10,292919577.83,79396
store,10016017,16,10,190133626.81,51210,store,10016017,16,10,248733428.26,67133
